<?xml version="1.0"?>
<opencv_storage>
<CameraParameters1>
  <ImageSize type_id="opencv-matrix">
    <rows>2</rows>
    <cols>1</cols>
    <dt>i</dt>
    <data>
      512 640</data></ImageSize>
  <DistCoefficients type_id="opencv-matrix">
    <rows>4</rows>
    <cols>1</cols>
    <dt>d</dt>
    <data>
      -2.1692524190315399e-01 1.0533059924416700e-01 0. 0.</data></DistCoefficients>
  <IntrinsicMatrix type_id="opencv-matrix">
    <rows>3</rows>
    <cols>3</cols>
    <dt>d</dt>
    <data>
      5.2075567450235667e+02 0. 3.0845792298625850e+02 0.
      5.5674250080419017e+02 2.7925061241792127e+02 0. 0. 1.</data></IntrinsicMatrix>
  <FocalLength type_id="opencv-matrix">
    <rows>2</rows>
    <cols>1</cols>
    <dt>d</dt>
    <data>
      5.2075567450235667e+02 5.5674250080419017e+02</data></FocalLength>
  <PrincipalPoints type_id="opencv-matrix">
    <rows>2</rows>
    <cols>1</cols>
    <dt>d</dt>
    <data>
      3.0845792298625850e+02 2.7925061241792127e+02</data></PrincipalPoints>
  <Skew>0.</Skew></CameraParameters1>
<CameraParameters2>
  <ImageSize type_id="opencv-matrix">
    <rows>2</rows>
    <cols>1</cols>
    <dt>i</dt>
    <data>
      512 640</data></ImageSize>
  <DistCoefficients type_id="opencv-matrix">
    <rows>4</rows>
    <cols>1</cols>
    <dt>d</dt>
    <data>
      -3.2886161738641001e-01 1.4829019637966001e-01 0. 0.</data></DistCoefficients>
  <IntrinsicMatrix type_id="opencv-matrix">
    <rows>3</rows>
    <cols>3</cols>
    <dt>d</dt>
    <data>
      5.8731452005065512e+02 0. 3.1600203599785760e+02 0.
      5.8742709489012100e+02 2.6207588938968519e+02 0. 0. 1.</data></IntrinsicMatrix>
  <FocalLength type_id="opencv-matrix">
    <rows>2</rows>
    <cols>1</cols>
    <dt>d</dt>
    <data>
      5.8731452005065512e+02 5.8742709489012100e+02</data></FocalLength>
  <PrincipalPoints type_id="opencv-matrix">
    <rows>2</rows>
    <cols>1</cols>
    <dt>d</dt>
    <data>
      3.1600203599785760e+02 2.6207588938968519e+02</data></PrincipalPoints>
  <Skew>0.</Skew></CameraParameters2>
<RotationOfCamera2 type_id="opencv-matrix">
  <rows>3</rows>
  <cols>3</cols>
  <dt>d</dt>
  <data>
    9.9997765267403704e-01 -6.3964734780360003e-03
    -1.9440369254510000e-03 6.3342123535690001e-03
    9.9951462026261895e-01 -3.0502485720543999e-02
    2.1382016702439998e-03 3.0489490128843999e-02 9.9953280040491899e-01</data></RotationOfCamera2>
<TranslationOfCamera2 type_id="opencv-matrix">
  <rows>3</rows>
  <cols>1</cols>
  <dt>d</dt>
  <data>
    -4.4975701397360936e+01 6.8163435535476600e+00
    2.3204629048922722e+01</data></TranslationOfCamera2>
</opencv_storage>
