<?xml version="1.0"?>
<opencv_storage>
<CameraParameters1>
  <ImageSize type_id="opencv-matrix">
    <rows>2</rows>
    <cols>1</cols>
    <dt>i</dt>
    <data>
      512 640</data></ImageSize>
  <DistCoefficients type_id="opencv-matrix">
    <rows>4</rows>
    <cols>1</cols>
    <dt>d</dt>
    <data>
      -2.1304345366275301e-01 6.2746657674976003e-02 0. 0.</data></DistCoefficients>
  <IntrinsicMatrix type_id="opencv-matrix">
    <rows>3</rows>
    <cols>3</cols>
    <dt>d</dt>
    <data>
      4.7987032591701598e+02 0. 3.0866579695278801e+02 0.
      5.1309781815678798e+02 2.7487028168069497e+02 0. 0. 1.</data></IntrinsicMatrix>
  <FocalLength type_id="opencv-matrix">
    <rows>2</rows>
    <cols>1</cols>
    <dt>d</dt>
    <data>
      4.7987032591701592e+02 5.1309781815678787e+02</data></FocalLength>
  <PrincipalPoints type_id="opencv-matrix">
    <rows>2</rows>
    <cols>1</cols>
    <dt>d</dt>
    <data>
      3.0866579695278813e+02 2.7487028168069497e+02</data></PrincipalPoints>
  <Skew>0.</Skew></CameraParameters1>
<CameraParameters2>
  <ImageSize type_id="opencv-matrix">
    <rows>2</rows>
    <cols>1</cols>
    <dt>i</dt>
    <data>
      512 640</data></ImageSize>
  <DistCoefficients type_id="opencv-matrix">
    <rows>4</rows>
    <cols>1</cols>
    <dt>d</dt>
    <data>
      -2.1783690855313900e-01 7.0722135176789006e-02 0. 0.</data></DistCoefficients>
  <IntrinsicMatrix type_id="opencv-matrix">
    <rows>3</rows>
    <cols>3</cols>
    <dt>d</dt>
    <data>
      4.7929395184458900e+02 0. 3.2304986006118799e+02 0.
      5.1259185441964098e+02 2.7607462640430902e+02 0. 0. 1.</data></IntrinsicMatrix>
  <FocalLength type_id="opencv-matrix">
    <rows>2</rows>
    <cols>1</cols>
    <dt>d</dt>
    <data>
      4.7929395184458889e+02 5.1259185441964053e+02</data></FocalLength>
  <PrincipalPoints type_id="opencv-matrix">
    <rows>2</rows>
    <cols>1</cols>
    <dt>d</dt>
    <data>
      3.2304986006118838e+02 2.7607462640430867e+02</data></PrincipalPoints>
  <Skew>0.</Skew></CameraParameters2>
<RotationOfCamera2 type_id="opencv-matrix">
  <rows>3</rows>
  <cols>3</cols>
  <dt>d</dt>
  <data>
    9.9994645587656295e-01 8.5140409561148302e-03
    -5.8818778038529900e-03 -8.4840050054634398e-03
    9.9995093956674297e-01 5.1127408163593197e-03 5.9251193210880203e-03
    -5.0625651784045704e-03 9.9996963123629201e-01</data></RotationOfCamera2>
<TranslationOfCamera2 type_id="opencv-matrix">
  <rows>3</rows>
  <cols>1</cols>
  <dt>d</dt>
  <data>
    -1.2628618993302800e+02 -1.2708065891213700e+00
    1.1514272261863001e-02</data></TranslationOfCamera2>
</opencv_storage>
