<?xml version="1.0"?>
<opencv_storage>
<CameraParameters1>
  <ImageSize type_id="opencv-matrix">
    <rows>2</rows>
    <cols>1</cols>
    <dt>i</dt>
    <data>
      512 640</data></ImageSize>
  <DistCoefficients type_id="opencv-matrix">
    <rows>4</rows>
    <cols>1</cols>
    <dt>d</dt>
    <data>
      -2.1517059640950700e-01 6.5671225040112996e-02 0. 0.</data></DistCoefficients>
  <IntrinsicMatrix type_id="opencv-matrix">
    <rows>3</rows>
    <cols>3</cols>
    <dt>d</dt>
    <data>
      4.7821940525781298e+02 0. 3.0883449300639302e+02 0.
      5.1122303564783903e+02 2.7535130484667098e+02 0. 0. 1.</data></IntrinsicMatrix>
  <FocalLength type_id="opencv-matrix">
    <rows>2</rows>
    <cols>1</cols>
    <dt>d</dt>
    <data>
      4.7821940525781309e+02 5.1122303564783891e+02</data></FocalLength>
  <PrincipalPoints type_id="opencv-matrix">
    <rows>2</rows>
    <cols>1</cols>
    <dt>d</dt>
    <data>
      3.0883449300639342e+02 2.7535130484667070e+02</data></PrincipalPoints>
  <Skew>0.</Skew></CameraParameters1>
<CameraParameters2>
  <ImageSize type_id="opencv-matrix">
    <rows>2</rows>
    <cols>1</cols>
    <dt>i</dt>
    <data>
      512 640</data></ImageSize>
  <DistCoefficients type_id="opencv-matrix">
    <rows>4</rows>
    <cols>1</cols>
    <dt>d</dt>
    <data>
      -3.1697689088023501e-01 1.1702840374819801e-01 0. 0.</data></DistCoefficients>
  <IntrinsicMatrix type_id="opencv-matrix">
    <rows>3</rows>
    <cols>3</cols>
    <dt>d</dt>
    <data>
      5.4049013430060597e+02 0. 3.0812589660525799e+02 0.
      5.4076871341850199e+02 2.5597581333279399e+02 0. 0. 1.</data></IntrinsicMatrix>
  <FocalLength type_id="opencv-matrix">
    <rows>2</rows>
    <cols>1</cols>
    <dt>d</dt>
    <data>
      5.4049013430060631e+02 5.4076871341850222e+02</data></FocalLength>
  <PrincipalPoints type_id="opencv-matrix">
    <rows>2</rows>
    <cols>1</cols>
    <dt>d</dt>
    <data>
      3.0812589660525799e+02 2.5597581333279390e+02</data></PrincipalPoints>
  <Skew>0.</Skew></CameraParameters2>
<RotationOfCamera2 type_id="opencv-matrix">
  <rows>3</rows>
  <cols>3</cols>
  <dt>d</dt>
  <data>
    9.9996650944577303e-01 8.1772382564730007e-03 3.3579954293911127e-04
    -8.1840255848090009e-03 9.9931910102605404e-01
    3.5977160111746002e-02 -4.1377087349866212e-05
    -3.5978703408765002e-02 9.9935255600261597e-01</data></RotationOfCamera2>
<TranslationOfCamera2 type_id="opencv-matrix">
  <rows>3</rows>
  <cols>1</cols>
  <dt>d</dt>
  <data>
    -1.7207512454235439e+02 5.0899297738331217e+00
    1.5230393716983798e+01</data></TranslationOfCamera2>
</opencv_storage>
